slug,name,date,distance,elevation,city,country,corrected_distance,corrected_name,corrected_date,corrected_elevation,corrected_city,corrected_country
bastogne-wiltz-bastogne-2024,"Bastogne - Wiltz - Bastogne","29/12/2024","72km","","Bastogne","Belgium",,,,,,
de-warmste-loop-the-warmest-run-2024,"De Warmste Loop - The Warmest Run","30/11/2024","8h","","Wingene","Belgium",,,,,,
the-bello-gallico-trail-50mi-2024,"The Bello Gallico Trail 50mi","15/12/2024","50mi","","Oud-Heverlee","Belgium",,,,,,
the-bello-gallico-trail-100mi-2024,"The Bello Gallico Trail 100mi","14/12/2024","100mi","","Oud-Heverlee","Belgium",,,,,,
olne-spa-olne-2024,"Olne-Spa-Olne","24/11/2024","71km","","Olne","Belgium",,,,,,
de-wase-halve-en-ultra-marathon-2024,"De Wase (Halve en Ultra) Marathon","17/11/2024","63km","","Sinaai","Belgium",,,,,,
bear-trail-83-km-2024,"Bear Trail 83 Km","26/10/2024","83km","","Voeren","Belgium",,,,,,
6-hour-winter-challenge-of-hamme-2024,"6 hour Winter Challenge of Hamme","23/11/2024","6h","","Hamme","Belgium",,,,,,
grand-trail-des-lacs-et-ch-teaux-winter-2024,"Grand Trail des Lacs et Châteaux Winter","09/11/2024","66km","","Ovifat","Belgium",,,,,,
bear-trail-58-km-2024,"Bear Trail 58 Km","26/10/2024","58km","","Voeren","Belgium",,,,,,
clash-der-titanen-60-2024,"Clash Der Titanen 60","05/10/2024","61km","","Wezemaal","Belgium",,,,,,
clash-der-titanen-110-2024,"Clash Der Titanen 110","05/10/2024","115km","","Wezemaal","Belgium",,,,,,
clash-der-titanen-160-2024,"Clash Der Titanen 160","05/10/2024","162km","","Wezemaal","Belgium",,,,,,
trail-de-l-abbaye-2024,"Trail de L'Abbaye","05/10/2024","50km","","Villers-la-Ville","Belgium",,,,,,
grizzly100-2024,"Grizzly100","26/10/2024","100km","","s'Gravenvoeren","Belgium",,,,,,
l-ultra-by-huyfortrail-2024,"L'Ultra by HuyForTrail","22/09/2024","67km","","Bas-Oha","Belgium",,,,,,
kjir-ne-ki-were-12u-2024,"Kjir ne ki were 12u","07/09/2024","12h","","Dentergem","Belgium",,,,,,
60-km-van-schoten-2024,"60 km van Schoten","25/08/2024","60km","","Schoten","Belgium",,,,,,
trail-des-f-es-2024,"Trail des Fées","21/09/2024","55km","","Bertrix","Belgium",,,,,,
trail-des-fantomes-68km-2024,"Trail des Fantomes 68km","10/08/2024","68km","","La Roche-en-Ardenne","Belgium",,,,,,
la-chouffe-trail-70km-2024,"La Chouffe Trail 70km","06/07/2024","70km","","Houffalize","Belgium",,,,,,
6-uur-van-aalter-2024,"6 uur van Aalter","14/07/2024","6h","","Aalter","Belgium",,,,,,
festival-trail-semois-2024,"Festival Trail Semois","06/07/2024","70km","","Herbeumont","Belgium",,,,,,
trail-des-fantomes-48km-2024,"Trail des Fantomes 48km","10/08/2024","48km","","La Roche-en-Ardenne","Belgium",,,,,,
la-chouffe-trail-51km-2024,"La Chouffe Trail 51km","06/07/2024","51km","","Houffalize","Belgium",,,,,,
antwerp-backyard-ultra-2024,"Antwerp Backyard Ultra","28/06/2024","46h","","Schelle","Belgium",,,,,,
haute-ardenne-ultra-trail-2024,"Haute Ardenne Ultra Trail","22/06/2024","50km","","Trois-Ponts","Belgium",,,,,,
mini-medium-and-megatornado-2024,"Mini Medium and MegaTornado","30/06/2024","100km","","Silly","Belgium",,,,,,
trail-godefroy-bouillon-2024,"Trail Godefroy Bouillon","15/06/2024","104km","","Bouillon","Belgium",,,,,,
another-one-bites-the-dust-2024,"Another One Bites the Dust","28/06/2024","32h","","Bierbeek","Belgium",,,,,,
trail-godefroy-bouillon-2024,"Trail Godefroy Bouillon","15/06/2024","80km","","Bouillon","Belgium",,,,,,
ohm-trail-ultra-2024,"Ohm Trail - Ultra","02/06/2024","80km","","Aywaille","Belgium",,,,,,
trail-godefroy-bouillon-2024,"Trail Godefroy Bouillon","15/06/2024","50km","","Bouillon","Belgium",,,,,,
the-longest-day-50km-2024,"The Longest Day 50km","08/06/2024","50km","","Spa","Belgium",,,,,,
ohm-trail-xl-2024,"Ohm Trail - XL","02/06/2024","55km","","Aywaille","Belgium",,,,,,
la-balade-du-gendarme-2024,"La Balade du Gendarme","19/05/2024","102km","","Landenne","Belgium",,,,,,
until-the-end-backyard-ultra-2024,"Until the End - Backyard Ultra","04/05/2024","32h","","Spa","Belgium",,,,,,
6-uur-challenge-van-hamme-2024,"6 uur Challenge van Hamme","11/05/2024","6h","","Hamme","Belgium",,,,,,
trail-de-chimay-2024,"Trail de Chimay","11/05/2024","50km","","Bourlers","Belgium",,,,,,
grand-trail-des-lacs-et-ch-teaux-85km-2024,"Grand Trail des Lacs et Châteaux 85km","19/05/2024","85km","","Ovifat","Belgium",,,,,,
legends-backyard-ultra-2024,"Legends Backyard Ultra","20/04/2024","53h","","Kasterlee","Belgium",,,,,,
l-a-t-legends-ardennes-trail-100km-2024,"L.A.T Legends Ardennes Trail 100km","27/04/2024","107km","","Nisramont","Belgium",,,,,,
trail-des-cisterciens-2024,"Trail des Cisterciens","07/04/2024","67km","","Court-St-Etienne","Belgium",,,,,,
l-a-t-legends-ardennes-trail-60km-2024,"L.A.T Legends Ardennes Trail 60km","27/04/2024","62km","","Lamormenil","Belgium",,,,,,
tdi-trail-des-idylles-2024,"TDI (Trail des Idylles)","13/04/2024","52.4km","","Malmedy / Chodes","Belgium",,,,,,
lathare-trail-48-km-2024,"LaThareé Trail  48 km","16/03/2024","48km","","Rettigny","Belgium",,,,,,
endurance-day-hamme-50-mi-2024,"Endurance Day Hamme 50 mi","17/03/2024","50mi","","Hamme","Belgium",,,,,,
lathare-trail-55-km-2024,"LaThareé Trail  55 km","16/03/2024","55km","","Rettigny","Belgium",,,,,,
endurance-day-hamme-50-km-2024,"Endurance Day Hamme 50 km","17/03/2024","50km","","Hamme","Belgium",,,,,,
endurance-day-hamme-100-km-2024,"Endurance Day Hamme 100 km","17/03/2024","100km","","Hamme","Belgium",,,,,,
mad-elf-run-2024,"Mad Elf Run","17/02/2024","49km","","Aywaille","Belgium",,,,,,
trail-de-la-siberie-50km-2024,"Trail de la Siberie - 50km","24/02/2024","52km","","Profondeville","Belgium",,,,,,
muziekbos-trail-64-km-2024,"Muziekbos Trail - 64 km","11/02/2024","64km","","Ronse","Belgium",,,,,,
trail-de-la-siberie-100km-2024,"Trail de la Siberie - 100km","24/02/2024","101km","","Profondeville","Belgium",,,,,,
trail-de-la-siberie-75km-2024,"Trail de la Siberie - 75km","24/02/2024","76km","","Profondeville","Belgium",,,,,,
muziekbos-trail-45-km-2024,"Muziekbos Trail - 45 km","11/02/2024","45km","","Ronse","Belgium",,,,,,
bostrails-aalter-2024,"Bostrails Aalter","20/01/2024","47km","","Aalter","Belgium",,,,,,
trailmarathon-het-leen-2024,"Trailmarathon Het Leen","10/02/2024","45km","","Eeklo","Belgium",,,,,,
houffatrail-65km-2024,"Houffatrail 65km","21/01/2024","65km","","Houffalize","Belgium",,,,,,
houffatrail-50km-2024,"Houffatrail 50km","21/01/2024","50km","","Houffalize","Belgium",,,,,,
bastogne-wiltz-bastogne-50km-2025,"Bastogne - Wiltz - Bastogne 50km","28/12/2025","50km","","Bastogne","Belgium",,,,,,
bastogne-wiltz-bastogne-70km-2025,"Bastogne - Wiltz - Bastogne 70km","28/12/2025","70km","","Bastogne","Belgium",,,,,,
meerdaalwoud-trail-2025,"Meerdaalwoud Trail","20/12/2025","50km","","Bierbeek","Belgium",,,,,,
trail-du-bw-62km-2025,"Trail du BW - 62km","07/12/2025","62km","","Grez-Doiceau","Belgium",,,,,,
trail-du-bw-84km-2025,"Trail du BW - 84km","07/12/2025","84km","","Grez-Doiceau","Belgium",,,,,,
de-wase-ultra-marathon-2025,"De Wase (Ultra) Marathon","26/10/2025","58km","","Sinaai","Belgium",,,,,,
trail-de-la-soupe-2025,"Trail de la Soupe","30/11/2025","45km","","La-Roche-en-Ardenne","Belgium",,,,,,
de-warmste-loop-the-warmest-run-2025,"De Warmste Loop - The Warmest Run","30/11/2025","8h","","Wingene","Belgium",,,,,,
grand-trail-des-lacs-et-ch-teaux-winter-2025,"Grand Trail des Lacs et Châteaux Winter","08/11/2025","66km","","Ovifat","Belgium",,,,,,
olne-spa-olne-2025,"Olne-Spa-Olne","23/11/2025","71km","","Olne","Belgium",,,,,,
clash-der-titanen-120-2025,"Clash Der Titanen 120","11/10/2025","123km","","Wezemaal","Belgium",,,,,,
clash-der-titanen-60-2025,"Clash Der Titanen 60","11/10/2025","64km","","Wezemaal","Belgium",,,,,,
bear-trail-83-km-2025,"Bear Trail 83 Km","25/10/2025","83km","","Voeren","Belgium",,,,,,
grizzly100-2025,"Grizzly100","25/10/2025","100km","","s'Gravenvoeren","Belgium",,,,,,
bear-trail-58-km-2025,"Bear Trail 58 Km","25/10/2025","58km","","Voeren","Belgium",,,,,,
clash-der-titanen-200-2025,"Clash Der Titanen 200","10/10/2025","203km","","Wezemaal","Belgium",,,,,,
clash-der-titanen-90-2025,"Clash Der Titanen 90","11/10/2025","93km","","Wezemaal","Belgium",,,,,,
gr-provincie-trail-henegouwen-2025,"GR Provincie Trail Henegouwen","05/10/2025","45km","","Erbisoeul","Belgium",,,,,,
clash-der-titanen-160-2025,"Clash Der Titanen 160","11/10/2025","165km","","Wezemaal","Belgium",,,,,,
infinity-trail-ultra-trail-2025,"Infinity Trail - Ultra Trail","04/10/2025","70km","","Vielsalm","Belgium",,,,,,
trail-de-l-abbaye-2025,"Trail de L'Abbaye","04/10/2025","50km","","Villers-la-Ville","Belgium",,,,,,
l-ultratrail-by-huyfortrail-2025,"L'Ultratrail by HuyForTrail","21/09/2025","50km","","Andenne","Belgium",,,,,,
europa-trail-brussels-80km-2025,"Europa Trail Brussels 80km","06/09/2025","80km","","Uccle","Belgium",,,,,,
trail-des-f-es-2025,"Trail des Fées","20/09/2025","55km","","Bertrix","Belgium",,,,,,
canceled-6-uur-challenge-van-hamme-bel-2025,"Canceled: 6 uur Challenge van Hamme (BEL)","07/09/2025","6h","","Hamme","Belgium",,,,,,
one-more-loop-2025,"One More Loop","05/09/2025","34h","","Geraardsbergen","Belgium",,,,,,
europa-trail-brussels-52km-2025,"Europa Trail Brussels 52km","06/09/2025","52km","","Uccle","Belgium",,,,,,
transeuropalauf-2025-17-etappe-eghezee-givet-2025,"Transeuropalauf 2025 17. Etappe Eghezee - Givet","19/08/2025","72km","","Eghezee","Belgium",,,,,,
transeuropalauf-2025-16-etappe-bekkevoort-eghezee-2025,"Transeuropalauf 2025 16. Etappe Bekkevoort - Eghezee","18/08/2025","50km","","Bekkevoort","Belgium",,,,,,
transeuropalauf-2025-19-etappe-libramont-chevigny-simmern-2025,"Transeuropalauf 2025 19. Etappe Libramont-Chevigny - Simmern","21/08/2025","66km","","Libramont-Chevigny","Belgium",,,,,,
ultra-trail-haute-ardenne-jour-2-60-km-2025,"Ultra Trail Haute Ardenne - Jour 2 - 60 km","03/08/2025","60km","","Station de la Baraque de Fraiture","Belgium",,,,,,
ultra-trail-haute-ardenne-jour-1-50-km-2025,"Ultra Trail Haute Ardenne - Jour 1 50 km","02/08/2025","50km","","Malmedy","Belgium",,,,,,
trail-des-fantomes-73km-2025,"Trail des Fantomes 73km","09/08/2025","73km","","Nisramont","Belgium",,,,,,
trail-des-fantomes-55km-2025,"Trail des Fantomes 55km","09/08/2025","55km","","Nisramont","Belgium",,,,,,
transeuropalauf-2025-15-etappe-zutendaal-bekkevoort-2025,"Transeuropalauf 2025 15. Etappe Zutendaal - Bekkevoort","17/08/2025","km58","","Zutendaal","Belgium",,,,,,
gr-provincie-trail-limburg-2025,"GR Provincie Trail Limburg","06/07/2025","46.3km","","Teuven","Belgium",,,,,,
ultra-trail-haute-ardenne-jour-1-70-km-2025,"Ultra Trail Haute Ardenne - Jour 1 70 km","02/08/2025","70km","","Signal de Botrange","Belgium",,,,,,
ultra-trail-haute-ardenne-jour-1-100-km-2025,"Ultra Trail Haute Ardenne - Jour 1 100 km","02/08/2025","100km","","Waimes (Signal de Botrange)","Belgium",,,,,,
6-uur-van-aalter-2025,"6 uur van Aalter","20/07/2025","6h","","Aalter","Belgium",,,,,,
la-chouffe-trail-56km-2025,"La Chouffe Trail 56km","05/07/2025","56km","","Houffalize","Belgium",,,,,,
festival-trail-semois-2025,"Festival Trail Semois","05/07/2025","49km","","Herbeumont","Belgium",,,,,,
another-one-bites-the-dust-2025,"Another One Bites the Dust","04/07/2025","32h","","Bierbeek","Belgium",,,,,,
la-chouffe-trail-80km-2025,"La Chouffe Trail 80km","05/07/2025","80km","","Houffalize","Belgium",,,,,,
ultra-tour-de-li-ge-2025,"Ultra Tour de Liège","05/07/2025","67km","","Lüttich","Belgium",,,,,,
festival-trail-semois-2025,"Festival Trail Semois","05/07/2025","70km","","Herbeumont","Belgium",,,,,,
canceled-mini-and-megatornado-bel-2025,"Canceled: Mini and MegaTornado (BEL)","29/06/2025","100km","","Silly","Belgium",,,,,,
l-assaut-du-maquisard-2025,"L'assaut du Maquisard","28/06/2025","45km","","Thieux","Belgium",,,,,,
antwerp-backyard-ultra-2025,"Antwerp Backyard Ultra","27/06/2025","32h","","Schelle","Belgium",,,,,,
trail-godefroy-bouillon-2025,"Trail Godefroy Bouillon","14/06/2025","100km","","Bouillon","Belgium",,,,,,
trail-godefroy-bouillon-2025,"Trail Godefroy Bouillon","14/06/2025","75km","","Bouillon","Belgium",,,,,,
trail-godefroy-bouillon-2025,"Trail Godefroy Bouillon","14/06/2025","53km","","Bouillon","Belgium",,,,,,
ohm-trail-ultra-2025,"Ohm Trail - Ultra","01/06/2025","80km","","Aywaille","Belgium",,,,,,
les-clochards-c-lestes-2025,"Les Clochards Célestes","08/06/2025","101km","","Pepinster","Belgium",,,,,,
the-longest-day-50km-2025,"The Longest Day 50km","07/06/2025","52km","","Spa","Belgium",,,,,,
ohm-trail-xl-2025,"Ohm Trail - XL","01/06/2025","55km","","Aywaille","Belgium",,,,,,
r24u-ultraloop-6h-2025,"R24u Ultraloop - 6h","24/05/2025","6h","","Mechelen","Belgium",,,,,,
canceled-endurance-day-hamme-50-km-bel-2025,"Canceled: Endurance Day Hamme 50 km (BEL)","01/06/2025","50km","","Hamme","Belgium",,,,,,
canceled-endurance-day-hamme-100-km-bel-2025,"Canceled: Endurance Day Hamme 100 km (BEL)","01/06/2025","100km","","Hamme","Belgium",,,,,,
grand-trail-des-lacs-et-ch-teaux-85km-2025,"Grand Trail des Lacs et Châteaux 85km","17/05/2025","85km","","Ovifat","Belgium",,,,,,
belgian-front-memorial-trail-2025,"Belgian Front Memorial Trail","03/05/2025","103km","","Messines","Belgium",,,,,,
trail-de-chimay-2025,"Trail de Chimay","10/05/2025","50km","","Bourlers","Belgium",,,,,,
l-a-t-legends-ardennes-trail-100km-2025,"L.A.T Legends Ardennes Trail 100km","26/04/2025","107km","","Nisramont","Belgium",,,,,,
until-the-end-backyard-ultra-2025,"Until the End - Backyard Ultra","03/05/2025","29h","","Spa","Belgium",,,,,,
legends-backyard-ultra-2025,"Legends Backyard Ultra","26/04/2025","116h","","Retie","Belgium",,,,,,
gr-provincie-trail-west-vlaanderen-2025,"GR Provincie Trail West-Vlaanderen","19/04/2025","50.1km","","Blankenberge","Belgium",,,,,,
l-a-t-legends-ardennes-trail-60km-2025,"L.A.T Legends Ardennes Trail 60km","26/04/2025","62km","","Lamormenil","Belgium",,,,,,
tdi-trail-des-idylles-2025,"TDI (Trail des Idylles)","12/04/2025","57km","","Malmedy / Chodes","Belgium",,,,,,
trail-des-cisterciens-100km-2025,"Trail des Cisterciens - 100km","20/04/2025","100km","","Court-St-Etienne","Belgium",,,,,,
trail-des-cisterciens-65km-2025,"Trail des Cisterciens - 65km","20/04/2025","65km","","Court-St-Etienne","Belgium",,,,,,
gr-provincie-trail-luxemburg-2025,"GR Provincie Trail Luxemburg","23/03/2025","46.3km","","Messancy","Belgium",,,,,,
dplus-draait-door-6h-2025,"Dplus draait door - 6h","16/03/2025","6h","","Kortenberg","Belgium",,,,,,
lathare-trail-56-km-2025,"LaThareé Trail  56 km","15/03/2025","56km","","Rettigny","Belgium",,,,,,
lathare-trail-49-km-2025,"LaThareé Trail  49 km","15/03/2025","49km","","Rettigny","Belgium",,,,,,
trail-des-sangliers-2025,"Trail des Sangliers","22/03/2025","75km","","La Roche-En-Ardenne","Belgium",,,,,,
trail-de-la-siberie-125km-2025,"Trail de la Siberie - 125km","22/02/2025","125km","","Profondeville","Belgium",,,,,,
trail-de-la-siberie-100km-2025,"Trail de la Siberie - 100km","22/02/2025","101km","","Profondeville","Belgium",,,,,,
trail-de-la-siberie-50km-2025,"Trail de la Siberie - 50km","22/02/2025","52km","","Profondeville","Belgium",,,,,,
trail-de-la-siberie-75km-2025,"Trail de la Siberie - 75km","22/02/2025","76km","","Profondeville","Belgium",,,,,,
la-magnetoise-2025,"La Magnetoise","16/02/2025","59km","","Magnee","Belgium",,,,,,
muziekbos-trail-64-km-2025,"Muziekbos Trail - 64 km","09/02/2025","64km","","Ronse","Belgium",,,,,,
trailmarathon-het-leen-2025,"Trailmarathon Het Leen","02/02/2025","45km","","Eeklo","Belgium",,,,,,
houffatrail-63km-2025,"Houffatrail 63km","25/01/2025","63km","","Houffalize","Belgium",,,,,,
muziekbos-trail-45-km-2025,"Muziekbos Trail - 45 km","09/02/2025","45km","","Ronse","Belgium",,,,,,
houffatrail-50km-2025,"Houffatrail 50km","25/01/2025","50km","","Houffalize","Belgium",,,,,,
gtlc-backyard-2026,"GTLC Backyard","05/09/2026","24h","","Vielsalm","Belgium",,,,,,
meerdaalwoud-trail-2026,"Meerdaalwoud Trail","19/12/2026","50km","","Bierbeek","Belgium",,,,,,
de-warmste-loop-the-warmest-run-2026,"De Warmste Loop - The Warmest Run","29/11/2026","8h","","Wingene","Belgium",,,,,,
trail-de-la-soupe-2026,"Trail de la Soupe","29/11/2026","45km","","La-Roche-en-Ardenne","Belgium",,,,,,
grand-trail-des-lacs-et-ch-teaux-winter-2026,"Grand Trail des Lacs et Châteaux Winter","07/11/2026","66km","","Ovifat","Belgium",,,,,,
ultra-trail-haute-ardenne-jour-1-70-km-2026,"Ultra Trail Haute Ardenne - Jour 1 70 km","01/08/2026","70km","","Signal de Botrange","Belgium",,,,,,
ultra-trail-haute-ardenne-jour-2-57-km-2026,"Ultra Trail Haute Ardenne - Jour 2 - 57 km","02/08/2026","57km","","Station de la Baraque de Fraiture","Belgium",,,,,,
ultra-trail-haute-ardenne-jour-1-50-km-2026,"Ultra Trail Haute Ardenne - Jour 1 50 km","01/08/2026","50km","","Malmedy","Belgium",,,,,,
ultra-trail-haute-ardenne-jour-1-100-km-2026,"Ultra Trail Haute Ardenne - Jour 1 100 km","01/08/2026","100km","","Signal de Botrange","Belgium",,,,,,
another-one-bites-the-dust-2026,"Another One Bites the Dust","03/07/2026","34h","","Bierbeek","Belgium",,,,,,
antwerp-backyard-ultra-2026,"Antwerp Backyard Ultra","19/06/2026","32h","","Schelle","Belgium",,,,,,
trail-godefroy-bouillon-2026,"Trail Godefroy Bouillon","06/06/2026","100km","","Bouillon","Belgium",,,,,,
trail-godefroy-bouillon-tgb-75-2026,"Trail Godefroy Bouillon TGB 75","06/06/2026","75km","","Bouillon","Belgium",,,,,,
trail-godefroy-bouillon-tgb-50-2026,"Trail Godefroy Bouillon TGB 50","06/06/2026","53km","","Bouillon","Belgium",,,,,,
the-longest-day-50km-2026,"The Longest Day 50km","06/06/2026","50km","","Spa","Belgium",,,,,,
belgian-front-memorial-trail-2026,"Belgian Front Memorial Trail","02/05/2026","101km","","Mesen","Belgium",,,,,,
l-a-t-legends-ardennes-trail-60km-2026,"L.A.T Legends Ardennes Trail 60km","02/05/2026","63km","","Lamormenil","Belgium",,,,,,
trail-de-chimay-2026,"Trail de Chimay","09/05/2026","50km","","Bourlers","Belgium",,,,,,
grand-trail-des-lacs-et-ch-teaux-85km-2026,"Grand Trail des Lacs et Châteaux 85km","16/05/2026","88km","","Ovifat","Belgium",,,,,,
l-a-t-legends-ardennes-trail-100km-2026,"L.A.T Legends Ardennes Trail 100km","02/05/2026","111km","","Nisramont","Belgium",,,,,,
l-a-t-legends-ardennes-trail-la-saint-remacle-ultra-2026,"L.A.T Legends Ardennes Trail - La Saint Remacle Ultra","01/05/2026","195km","","Ocquier","Belgium",,,,,,
trail-li-ge-m-tropole-2026,"Trail Liège Métropole","12/04/2026","46km","","Liege","Belgium",,,,,,
trail-des-sangliers-2026,"Trail des Sangliers","21/03/2026","57km","","La Roche-En-Ardenne","Belgium",,,,,,
legends-backyard-ultra-2026,"Legends Backyard Ultra","25/04/2026","116h","","Retie","Belgium",,,,,,
lathare-trail-56-km-2026,"LaThareé Trail  56 km","14/03/2026","56km","","Rettigny","Belgium",,,,,,
ultra-trail-de-la-sib-rie-160km-2026,"Ultra Trail de la Sibérie - 160km","20/02/2026","161km","","Profondeville","Belgium",,,,,,
trail-de-la-siberie-125km-2026,"Trail de la Siberie - 125km","21/02/2026","128km","","Profondeville","Belgium",,,,,,
trail-de-la-siberie-75km-2026,"Trail de la Siberie - 75km","21/02/2026","76km","","Profondeville","Belgium",,,,,,
trail-de-la-siberie-50km-2026,"Trail de la Siberie - 50km","21/02/2026","52km","","Profondeville","Belgium",,,,,,
trail-de-la-siberie-100km-2026,"Trail de la Siberie - 100km","21/02/2026","101km","","Profondeville","Belgium",,,,,,
castle-trail-bouillon-2026,"Castle Trail Bouillon","15/02/2026","50km","","Bouillon","Belgium",,,,,,
houffatrail-63km-2026,"Houffatrail 63km","24/01/2026","63km","","Houffalize","Belgium",,,,,,
houffatrail-50km-2026,"Houffatrail 50km","24/01/2026","50km","","Houffalize","Belgium",,,,,,
veluwezoom-trail-winter-2024,"Veluwezoom Trail - Winter","29/12/2024","58km","","Dieren","Netherlands",,,,,,
sint-annen-240-50mi-2024,"Sint Annen 240 - 50mi","27/12/2024","50mi","","Sint Annen","Netherlands",,,,,,
uhut-utrechtseheuvelultratrail-100km-rhenen-loop-split-2024,"UHUT UtrechtseHeuvelUltratrail 100km - Rhenen Loop split","01/12/2024","50km","","Leersum","Netherlands",,,,,,
voorne-s-duin-trail-2024,"Voorne's Duin Trail","01/12/2024","60km","","Oostvoorne","Netherlands",,,,,,
uhut-utrechtseheuvelultratrail-rhenen-loop-2024,"UHUT UtrechtseHeuvelUltratrail - Rhenen Loop","01/12/2024","50km","","Leersum","Netherlands",,,,,,
lauwersmeerloop-2024,"LauwersmeerLoop","03/11/2024","60km","","Zoutkamp","Netherlands",,,,,,
uhut-utrechtseheuvelultratrail-100km-doorn-loop-split-2024,"UHUT UtrechtseHeuvelUltratrail 100km - Doorn Loop split","30/11/2024","50km","","Leersum","Netherlands",,,,,,
gaasterland-trail-2024,"Gaasterland Trail","26/10/2024","50km","","Harich","Netherlands",,,,,,
graef-castricum-trail-ultra-60km-2024,"Graef Castricum Trail Ultra 60km","24/11/2024","60km","","Castricum","Netherlands",,,,,,
uhut-utrechtseheuvelultratrail-doorn-loop-2024,"UHUT UtrechtseHeuvelUltratrail - Doorn Loop","30/11/2024","50km","","Leersum","Netherlands",,,,,,
brekeld-runners-trail-2024,"Brekeld Runners Trail","05/10/2024","50km","","Rijssen","Netherlands",,,,,,
indian-summer-ultra-100-km-2024,"Indian Summer Ultra 100 km","12/10/2024","100km","","Gasselte","Netherlands",,,,,,
sri-chinmoy-6-stunden-lauf-amsterdam-2024,"Sri Chinmoy 6-Stunden-Lauf Amsterdam","28/09/2024","6h","","Amstelveen","Netherlands",,,,,,
indian-summer-ultra-50-km-2024,"Indian Summer Ultra 50 km","12/10/2024","50km","","Gasselte","Netherlands",,,,,,
indian-summer-ultra-75-km-2024,"Indian Summer Ultra 75 km","12/10/2024","75km","","Gasselte","Netherlands",,,,,,
zevenheuvelentrail-2024,"Zevenheuvelentrail","21/09/2024","60km","","Nijmegen","Netherlands",,,,,,
zevenheuvelentrail-nk-trailrunning-lange-trail-2024,"Zevenheuvelentrail - NK trailrunning lange trail","21/09/2024","60km","","Nijmegen","Netherlands",,,,,,
run-winschoten-50-km-open-race-2024,"RUN Winschoten 50 km - open race","14/09/2024","50km","","Winschoten","Netherlands",,,,,,
run-winschoten-100-km-nederlands-kampioenschap-2024,"RUN Winschoten 100 km - Nederlands Kampioenschap","14/09/2024","100km","","Winschoten","Netherlands",,,,,,
run-winschoten-100-km-open-race-2024,"RUN Winschoten 100 km - open race","14/09/2024","100km","","Winschoten","Netherlands",,,,,,
de-6-uur-van-deventer-50km-split-2024,"De 6 Uur van Deventer - 50km Split","13/07/2024","50km","","Deventer","Netherlands",,,,,,
de-6-uur-van-deventer-2024,"De 6 Uur van Deventer","13/07/2024","6h","","Deventer","Netherlands",,,,,,
zes-uur-van-de-haarlemmermeer-2024,"Zes uur van de Haarlemmermeer","29/06/2024","6h","","Hoofddorp","Netherlands",,,,,,
run-winschoten-50-km-nederlands-kampioenschap-2024,"RUN Winschoten 50 km - Nederlands Kampioenschap","14/09/2024","50km","","Winschoten","Netherlands",,,,,,
vechtdaltrail-2024,"VechtdalTrail","06/07/2024","50km","","Ommen","Netherlands",,,,,,
rondom-stad-2024,"Rondom Stad","22/06/2024","66km","","Sint Annen","Netherlands",,,,,,
linie1629ultra-2024,"Linie1629ultra","01/06/2024","50km","","Vught","Netherlands",,,,,,
amerongse-berg-ultra-50k-2024,"Amerongse Berg Ultra 50k","26/05/2024","50km","","Overberg","Netherlands",,,,,,
liberation-trail-stage-5-eindhoven-groesbeek-2024,"Liberation Trail - stage 5: Eindhoven - Groesbeek","15/06/2024","81km","","Eindhoven","Netherlands",,,,,,
pierewaai-summer-beach-trail-2024,"Pierewaai Summer Beach Trail","01/06/2024","50km","","IJmuiden","Netherlands",,,,,,
12-uurs-run-middelburg-2024,"12-Uurs Run Middelburg","25/05/2024","13h","","Middelburg","Netherlands",,,,,,
vam8-2024,"VAM8","25/05/2024","8h","","Wijster","Netherlands",,,,,,
vam12-2024,"VAM12","25/05/2024","12h","","Wijster","Netherlands",,,,,,
2de-hel-van-westeremden-een-klein-paradijs-2024,"2de Hel van Westeremden, een klein paradijs","25/05/2024","45km","","Sint Annen","Netherlands",,,,,,
sri-chinmoy-50-km-lauf-amsterdam-2024,"Sri Chinmoy 50 km-Lauf Amsterdam","24/05/2024","50km","","Amstelveen","Netherlands",,,,,,
van-balk-2024,"van Balk","11/05/2024","80km","","BALK","Netherlands",,,,,,
salomon-koning-van-spanje-trail-80km-2024,"Salomon Koning van Spanje Trail - 80km","11/05/2024","81km","","Gulpen","Netherlands",,,,,,
sri-chinmoy-100km-lauf-amsterdam-2024,"Sri Chinmoy 100km-Lauf Amsterdam","24/05/2024","100km","","Amstelveen","Netherlands",,,,,,
pallas-67-ultrameerdaagse-stage-5-arnhem-wageningen-2024,"Pallas 67 Ultrameerdaagse - stage 5 - Arnhem - Wageningen","12/05/2024","51km","","Arnhem","Netherlands",,,,,,
pallas-67-ultrameerdaagse-stage-4-arnhem-veluwe-2024,"Pallas 67 Ultrameerdaagse - stage 4 - Arnhem - Veluwe","11/05/2024","51km","","Arnhem","Netherlands",,,,,,
petranpad-ultra-trail-60k-2024,"Petranpad Ultra Trail 60k","04/05/2024","64km","","Meerlo","Netherlands",,,,,,
pallas-67-ultrameerdaagse-stage-3-arnhem-lobith-2024,"Pallas 67 Ultrameerdaagse - stage 3 - Arnhem - Lobith","10/05/2024","66km","","Arnhem","Netherlands",,,,,,
petranpad-ultra-run-112k-2024,"Petranpad Ultra Run 112k","04/05/2024","112km","","Meerlo","Netherlands",,,,,,
pallas-67-ultrameerdaagse-stage-1-wageningen-arnhem-2024,"Pallas 67 Ultrameerdaagse - stage 1 - Wageningen - Arnhem","08/05/2024","51km","","Wageningen","Netherlands",,,,,,
pallas-67-ultrameerdaagse-stage-2-arnhem-doesburg-2024,"Pallas 67 Ultrameerdaagse - stage 2 - Arnhem - Doesburg","09/05/2024","51km","","Arnhem","Netherlands",,,,,,
cauberg-trail-2024,"Cauberg Trail","30/03/2024","54km","","Valkenburg","Netherlands",,,,,,
runforestrun-hart-van-drenthe-2024,"Runforestrun Hart van Drenthe","13/04/2024","52km","","Ellertshaar","Netherlands",,,,,,
pegasus-ultra-trail-2024,"Pegasus Ultra Trail","20/04/2024","50km","","Ede","Netherlands",,,,,,
eemlake-run-eemmeerloop-2024,"Eemlake Run (Eemmeerloop)","20/04/2024","50km","","Bunschoten","Netherlands",,,,,,
6hrs-sittard-50km-split-2024,"6hrs Sittard - 50km Split","24/03/2024","50km","","Sittard","Netherlands",,,,,,
12hrs-sittard-50km-split-2024,"12hrs Sittard - 50km Split","23/03/2024","50km","","Sittard","Netherlands",,,,,,
6hrs-sittard-2024,"6hrs Sittard","24/03/2024","6h","","Sittard","Netherlands",,,,,,
de-120-van-texel-2024,"De 120 van Texel","24/03/2024","120km","","Den Burg (Texel)","Netherlands",,,,,,
24hrs-sittard-50km-split-2024,"24hrs Sittard - 50km Split","23/03/2024","50km","","Sittard","Netherlands",,,,,,
de-zestig-van-texel-2024,"De Zestig van Texel","24/03/2024","60km","","Den Hoorn (Texel)","Netherlands",,,,,,
65-van-walcheren-2024,"65 van Walcheren","03/03/2024","65km","","Vrouwenpolder","Netherlands",,,,,,
salomon-vuurtorentrail-festival-ameland-60km-2024,"Salomon Vuurtorentrail Festival Ameland 60km","17/03/2024","60km","","Hollum Ameland","Netherlands",,,,,,
trailrun-terschelling-2024,"Trailrun Terschelling","03/03/2024","50km","","West-Terschelling","Netherlands",,,,,,
sallandtrail-80-km-50-mijl-2024,"SallandTrail 80 km (50 Mijl)","09/03/2024","80km","","Nijverdal","Netherlands",,,,,,
sallandtrail-50-km-2024,"SallandTrail 50 km","09/03/2024","50km","","Nijverdal","Netherlands",,,,,,
bosbokken-trail-2024,"Bosbokken Trail","25/02/2024","47km","","Burgh-Haamstede","Netherlands",,,,,,
dutch-coast-ultra-run-by-night-75km-2024,"Dutch Coast Ultra Run by Night 75km","09/02/2024","75km","","Den Helder","Netherlands",,,,,,
dutch-coast-ultra-run-by-night-50km-2024,"Dutch Coast Ultra Run by Night 50km","09/02/2024","50km","","Den Helder","Netherlands",,,,,,
drielandenpunt-winter-trail-2024,"Drielandenpunt Winter Trail","04/02/2024","50km","","Vaals","Netherlands",,,,,,
leenderbos-ultra-trail-2024,"Leenderbos Ultra Trail","28/01/2024","50km","","Leende","Netherlands",,,,,,
pierewaai-trail-2024,"Pierewaai Trail","20/01/2024","45km","","IJmuiden","Netherlands",,,,,,
friends-of-the-sm-run-ultra-2025,"Friends of the SM run ultra","27/12/2025","45km","","Meerssen","Netherlands",,,,,,
voorne-s-duin-trail-2025,"Voorne's Duin Trail","07/12/2025","60km","","Oostvoorne","Netherlands",,,,,,
uhut-utrechtseheuvelultratrail-doorn-loop-2025,"UHUT UtrechtseHeuvelUltratrail - Doorn Loop","30/11/2025","50km","","Leersum","Netherlands",,,,,,
uhut-utrechtseheuvelultratrail-rhenen-loop-2025,"UHUT UtrechtseHeuvelUltratrail - Rhenen Loop","29/11/2025","50km","","Leersum","Netherlands",,,,,,
west-coast-challenge-halfway-2025,"West Coast Challenge - Halfway","13/12/2025","62km","","Wijk aan Zee","Netherlands",,,,,,
graef-castricum-trail-ultra-60km-2025,"Graef Castricum Trail Ultra 60km","23/11/2025","60km","","Castricum","Netherlands",,,,,,
gaasterland-trail-2025,"Gaasterland Trail","25/10/2025","50km","","Harich","Netherlands",,,,,,
indian-summer-ultra-100-km-2025,"Indian Summer Ultra 100 km","11/10/2025","100km","","Gasselte","Netherlands",,,,,,
indian-summer-ultra-50-km-2025,"Indian Summer Ultra 50 km","11/10/2025","50km","","Gasselte","Netherlands",,,,,,
dutch-backyard-ultra-2025,"Dutch Backyard Ultra","18/10/2025","36h","","Zeewolde","Netherlands",,,,,,
doelgericht-deur-stad-2025,"Doelgericht deur Stad","04/10/2025","50km","","Groningen","Netherlands",,,,,,
indian-summer-ultra-75-km-2025,"Indian Summer Ultra 75 km","11/10/2025","75km","","Gasselte","Netherlands",,,,,,
pegasus-ultra-trail-2025,"Pegasus Ultra Trail","04/10/2025","50km","","Ede","Netherlands",,,,,,
fun-runner-2025,"Fun Runner","04/10/2025","47.4km","","Berg en Dal","Netherlands",,,,,,
brekeld-runners-trail-2025,"Brekeld Runners Trail","04/10/2025","50km","","Rijssen","Netherlands",,,,,,
zevenheuvelentrail-2025,"Zevenheuvelentrail","27/09/2025","56km","","Heilig Landstichting","Netherlands",,,,,,
zevenheuvelentrail-nk-trailrunning-lange-trail-2025,"Zevenheuvelentrail - NK trailrunning lange trail","27/09/2025","56km","","Heilig Landstichting","Netherlands",,,,,,
devil-s-ultra-2025,"Devil's Ultra","04/10/2025","24h","","Doornse","Netherlands",,,,,,
sri-chinmoy-6-stunden-lauf-amsterdam-2025,"Sri Chinmoy 6-Stunden-Lauf Amsterdam","27/09/2025","6h","","Amstelveen","Netherlands",,,,,,
ommetjesultra-55km-2025,"Ommetjesultra 55km","07/09/2025","55km","","Wijchen","Netherlands",,,,,,
eddy-60-ultra-2025,"Eddy 60 Ultra","27/07/2025","60km","","Assen","Netherlands",,,,,,
groote-heide-ultra-2025,"Groote Heide Ultra","30/08/2025","50km","","Leende, Noord-Brabant","Netherlands",,,,,,
run-winschoten-50-km-2025,"RUN Winschoten 50 km","13/09/2025","50km","","Winschoten","Netherlands",,,,,,
run-winschoten-100-km-2025,"RUN Winschoten 100 km","13/09/2025","100km","","Winschoten","Netherlands",,,,,,
vut100-veluwse-ultra-trail-50km-zuid-2025,"VUT100 (Veluwse Ultra Trail) - 50km zuid","26/07/2025","50km","","Elspeet","Netherlands",,,,,,
vut100-veluwse-ultra-trail-100km-2025,"VUT100 (Veluwse Ultra Trail) - 100km","26/07/2025","100km","","Elspeet","Netherlands",,,,,,
vut100-veluwse-ultra-trail-75km-2025,"VUT100 (Veluwse Ultra Trail) - 75km","26/07/2025","75km","","Elspeet","Netherlands",,,,,,
vut100-veluwse-ultra-trail-50km-noord-2025,"VUT100 (Veluwse Ultra Trail) - 50km noord","26/07/2025","50km","","Elspeet","Netherlands",,,,,,
vechtdaltrail-2025,"VechtdalTrail","05/07/2025","50km","","Ommen","Netherlands",,,,,,
but100-brabants-ultratrail-50-km-zuid-2025,"BUT100 (Brabants UltraTrail) - 50 km Zuid","28/06/2025","50km","","Leende","Netherlands",,,,,,
but100-brabants-ultratrail-100-km-2025,"BUT100 (Brabants UltraTrail) - 100 km","28/06/2025","100km","","Leende","Netherlands",,,,,,
but100-brabants-ultratrail-50-km-noord-2025,"BUT100 (Brabants UltraTrail) - 50 km Noord","28/06/2025","50km","","Leende","Netherlands",,,,,,
but100-brabants-ultratrail-75-km-2025,"BUT100 (Brabants UltraTrail) - 75 km","28/06/2025","75km","","Leende","Netherlands",,,,,,
zes-uur-van-de-haarlemmermeer-2025,"Zes uur van de Haarlemmermeer","28/06/2025","6h","","Hoofddorp","Netherlands",,,,,,
marathon-van-kerkwerve-2025,"Marathon van Kerkwerve","14/06/2025","45.8km","","Kerkwerve","Netherlands",,,,,,
pierewaai-summer-beach-trail-2025,"Pierewaai Summer Beach Trail","21/06/2025","50km","","IJmuiden","Netherlands",,,,,,
12-uurs-run-middelburg-2025,"12-Uurs Run Middelburg","20/06/2025","13h","","Middelburg","Netherlands",,,,,,
liberation-trail-stage-5-eindhoven-nijmegen-2025,"Liberation Trail - stage 5: Eindhoven - Nijmegen","14/06/2025","81km","","Eindhoven","Netherlands",,,,,,
rondom-stad-2025,"Rondom Stad","21/06/2025","70km","","Sint Annen","Netherlands",,,,,,
dik-doen-in-de-toen-2025,"Dik doen in de Toen","09/06/2025","50km","","Groningen","Netherlands",,,,,,
vam12-2025,"VAM12","31/05/2025","12h","","Wijster","Netherlands",,,,,,
linie1629ultra-2025,"Linie1629ultra","07/06/2025","50km","","Vught","Netherlands",,,,,,
pallas-67-ultrameerdaagse-stage-5-2025,"Pallas 67 Ultrameerdaagse - stage 5","01/06/2025","52km","","Heerlen","Netherlands",,,,,,
pallas-67-ultrameerdaagse-stage-4-2025,"Pallas 67 Ultrameerdaagse - stage 4","31/05/2025","52.5km","","Heerlen","Netherlands",,,,,,
vam8-2025,"VAM8","31/05/2025","8h","","Wijster","Netherlands",,,,,,
uhut-utrechtseheuvelultratrail-75-km-spring-edition-2025,"UHUT UtrechtseHeuvelUltratrail 75 km - Spring Edition","24/05/2025","75km","","Leersum","Netherlands",,,,,,
pallas-67-ultrameerdaagse-stage-3-2025,"Pallas 67 Ultrameerdaagse - stage 3","30/05/2025","54.5km","","Heerlen","Netherlands",,,,,,
pallas-67-ultrameerdaagse-stage-1-2025,"Pallas 67 Ultrameerdaagse - stage 1","28/05/2025","58km","","Heerlen","Netherlands",,,,,,
pallas-67-ultrameerdaagse-stage-2-2025,"Pallas 67 Ultrameerdaagse - stage 2","29/05/2025","53.2km","","Heerlen","Netherlands",,,,,,
sri-chinmoy-100km-lauf-amsterdam-2025,"Sri Chinmoy 100km-Lauf Amsterdam","24/05/2025","100km","","Amstelveen","Netherlands",,,,,,
sri-chinmoy-50-km-lauf-amsterdam-2025,"Sri Chinmoy 50 km-Lauf Amsterdam","24/05/2025","50km","","Amstelveen","Netherlands",,,,,,
uhut-utrechtseheuvelultratrail-50km-2025,"UHUT UtrechtseHeuvelUltratrail 50km","24/05/2025","50km","","Leersum","Netherlands",,,,,,
uhut-utrechtseheuvelultratrail-100km-2025,"UHUT UtrechtseHeuvelUltratrail 100km","24/05/2025","100km","","Leersum","Netherlands",,,,,,
salomon-koning-van-spanje-trail-72km-2025,"Salomon Koning van Spanje Trail - 72km","17/05/2025","72km","","Gulpen","Netherlands",,,,,,
salomon-koning-van-spanje-trail-101km-2025,"Salomon Koning van Spanje Trail - 101km","17/05/2025","101km","","Gulpen","Netherlands",,,,,,
petranpad-ultra-run-112k-2025,"Petranpad Ultra Run 112k","02/05/2025","112km","","Meerlo","Netherlands",,,,,,
hollands-duin-ultra-2025,"Hollands Duin Ultra","26/04/2025","50km","","Noordwijk","Netherlands",,,,,,
6hrs-sittard-2025,"6hrs Sittard","04/05/2025","6h","","Sittard","Netherlands",,,,,,
6hrs-sittard-50km-split-2025,"6hrs Sittard - 50km Split","04/05/2025","50km","","Sittard","Netherlands",,,,,,
stadspark-ultra-2025,"Stadspark Ultra","11/04/2025","6h","","Groningen","Netherlands",,,,,,
dinah-might-100km-ultra-run-2025,"Dinah Might 100km Ultra Run","05/04/2025","100km","","Emmeloord","Netherlands",,,,,,
runforestrun-hart-van-drenthe-2025,"Runforestrun Hart van Drenthe","12/04/2025","52km","","Ellertshaar","Netherlands",,,,,,
dinah-might-50-miles-ultra-run-2025,"Dinah Might 50 Miles Ultra Run","05/04/2025","80km","","Emmeloord","Netherlands",,,,,,
eemlake-run-eemmeerloop-2025,"Eemlake Run (Eemmeerloop)","12/04/2025","50km","","Bunschoten","Netherlands",,,,,,
brabantse-vennen-ultra-2025,"Brabantse Vennen Ultra","29/03/2025","50km","","Heeze / Noord-Brabant","Netherlands",,,,,,
sallandtrail-60-km-2025,"SallandTrail 60 km","08/03/2025","60km","","Nijverdal","Netherlands",,,,,,
sallandtrail-80-km-50-mijl-2025,"SallandTrail 80 km (50 Mijl)","08/03/2025","80km","","Nijverdal","Netherlands",,,,,,
salomon-vuurtorentrail-festival-ameland-60km-2025,"Salomon Vuurtorentrail Festival Ameland 60km","16/03/2025","60km","","Hollum Ameland","Netherlands",,,,,,
sallandtrail-50-km-2025,"SallandTrail 50 km","08/03/2025","50km","","Nijverdal","Netherlands",,,,,,
woldjerspoorzoeker-2025,"WoldjerspoorZoeker","23/02/2025","50km","","Delfzijl","Netherlands",,,,,,
65-van-walcheren-2025,"65 van Walcheren","02/03/2025","65km","","Vrouwenpolder","Netherlands",,,,,,
bosbokken-trail-2025,"Bosbokken Trail","23/02/2025","47km","","Burgh-Haamstede","Netherlands",,,,,,
amerongse-berg-ultra-50k-2025,"Amerongse Berg Ultra 50k","23/02/2025","50km","","Overberg","Netherlands",,,,,,
dutch-coast-ultra-run-by-night-50km-2025,"Dutch Coast Ultra Run by Night 50km","07/02/2025","50km","","Den Helder","Netherlands",,,,,,
dutch-coast-ultra-run-by-night-75km-2025,"Dutch Coast Ultra Run by Night 75km","07/02/2025","75km","","Den Helder","Netherlands",,,,,,
west-coast-challenge-halfway-2025,"West Coast Challenge - Halfway","18/01/2025","62km","","Hoek van Holland","Netherlands",,,,,,
leenderbos-ultra-trail-2025,"Leenderbos Ultra Trail","26/01/2025","50km","","Leende","Netherlands",,,,,,
pierewaai-trail-winter-ed-50km-2025,"Pierewaai Trail Winter Ed. 50km","25/01/2025","50km","","Hoek van Holland","Netherlands",,,,,,
drielandenpunt-winter-trail-2025,"Drielandenpunt Winter Trail","02/02/2025","50km","","Vaals","Netherlands",,,,,,
cauberg-trail-winter-edition-2025,"Cauberg Trail - winter edition","04/01/2025","54km","","Valkenburg","Netherlands",,,,,,
uhut100-winter-doorn-2026,"UHUT100 Winter - Doorn","29/11/2026","50km","","Leersum","Netherlands",,,,,,
gaasterland-trail-2026,"Gaasterland Trail","24/10/2026","50km","","Harich","Netherlands",,,,,,
lage-vuursche-ultra-2026,"Lage Vuursche Ultra","31/10/2026","50km","","Baarn","Netherlands",,,,,,
hollands-duin-ultra-2026,"Hollands Duin Ultra","19/12/2026","50km","","Noordwijk","Netherlands",,,,,,
uhut100-winter-rhenen-2026,"UHUT100 Winter - Rhenen","28/11/2026","50km","","Leersum","Netherlands",,,,,,
indian-summer-ultra-50-km-2026,"Indian Summer Ultra 50 km","10/10/2026","50km","","Gasselte","Netherlands",,,,,,
dutch-backyard-ultra-zeewolde-2026,"Dutch Backyard Ultra Zeewolde","17/10/2026","36h","","Zeewolde","Netherlands",,,,,,
indian-summer-ultra-75-km-2026,"Indian Summer Ultra 75 km","10/10/2026","75km","","Gasselte","Netherlands",,,,,,
gelderse-poort-ultra-2026,"Gelderse Poort Ultra","26/09/2026","50km","","Berg en Dal","Netherlands",,,,,,
indian-summer-ultra-100-km-2026,"Indian Summer Ultra 100 km","10/10/2026","100km","","Gasselte","Netherlands",,,,,,
austerlitz-ultra-2026,"Austerlitz Ultra","30/08/2026","50km","","Zeist","Netherlands",,,,,,
vut100-veluwse-ultra-trail-50km-noord-2026,"VUT100 (Veluwse Ultra Trail) - 50km noord","25/07/2026","50km","","Elspeet","Netherlands",,,,,,
run-winschoten-50-km-2026,"RUN Winschoten 50 km","12/09/2026","50km","","Winschoten","Netherlands",,,,,,
vut100-veluwse-ultra-trail-75km-2026,"VUT100 (Veluwse Ultra Trail) - 75km","25/07/2026","75km","","Elspeet","Netherlands",,,,,,
run-winschoten-100-km-2026,"RUN Winschoten 100 km","12/09/2026","100km","","Winschoten","Netherlands",,,,,,
vut100-veluwse-ultra-trail-100km-2026,"VUT100 (Veluwse Ultra Trail) - 100km","25/07/2026","100km","","Elspeet","Netherlands",,,,,,
but100-brabants-ultratrail-75-km-2026,"BUT100 (Brabants UltraTrail) - 75 km","27/06/2026","75km","","Leende","Netherlands",,,,,,
westerwolde-ultra-2026,"Westerwolde Ultra","28/06/2026","100km","","Wedde","Netherlands",,,,,,
but100-brabants-ultratrail-50-km-noord-2026,"BUT100 (Brabants UltraTrail) - 50 km Noord","27/06/2026","50km","","Leende","Netherlands",,,,,,
but100-brabants-ultratrail-50-km-zuid-2026,"BUT100 (Brabants UltraTrail) - 50 km Zuid","28/06/2026","50km","","Leende","Netherlands",,,,,,
but100-brabants-ultratrail-100-km-2026,"BUT100 (Brabants UltraTrail) - 100 km","27/06/2026","100km","","Leende","Netherlands",,,,,,
vechtdal-trail-2026,"Vechtdal Trail","20/06/2026","60km","","Ommen","Netherlands",,,,,,
zes-uur-van-de-haarlemmermeer-2026,"Zes uur van de Haarlemmermeer","27/06/2026","6h","","Hoofddorp","Netherlands",,,,,,
rondom-stad-2026,"Rondom Stad","13/06/2026","64km","","Sint Annen","Netherlands",,,,,,
pierewaai-summer-beach-trail-2026,"Pierewaai Summer Beach Trail","20/06/2026","60km","","IJmuiden","Netherlands",,,,,,
uhut-utrechtseheuvelultratrail-100km-2026,"UHUT UtrechtseHeuvelUltratrail 100km","30/05/2026","100km","","Leersum","Netherlands",,,,,,
vam8-2026,"VAM8","30/05/2026","8h","","Wijster","Netherlands",,,,,,
linie1629ultra-2026,"Linie1629ultra","06/06/2026","50km","","Vught","Netherlands",,,,,,
uhut-utrechtseheuvelultratrail-doorn-loop-2026,"UHUT UtrechtseHeuvelUltratrail - Doorn Loop","31/05/2026","50km","","Leersum","Netherlands",,,,,,
sri-chinmoy-50-km-lauf-amsterdam-2026,"Sri Chinmoy 50 km-Lauf Amsterdam","30/05/2026","50km","","Amstelveen","Netherlands",,,,,,
vam12-2026,"VAM12","30/05/2026","12h","","Wijster","Netherlands",,,,,,
uhut-utrechtseheuvelultratrail-75-km-2026,"UHUT UtrechtseHeuvelUltratrail 75 km","30/05/2026","75km","","Leersum","Netherlands",,,,,,
sri-chinmoy-100km-lauf-amsterdam-2026,"Sri Chinmoy 100km-Lauf Amsterdam","30/05/2026","100km","","Amstelveen","Netherlands",,,,,,
uhut-utrechtseheuvelultratrail-rhenen-loop-2026,"UHUT UtrechtseHeuvelUltratrail - Rhenen Loop","30/05/2026","50km","","Leersum","Netherlands",,,,,,
schipholloop-ronde-om-de-haarlemmermeer-2026,"Schipholloop (Ronde om de Haarlemmermeer)","23/05/2026","60km","","Amsterdam Airport Schiphol","Netherlands",,,,,,
6-uursloop-terwille-2026,"6-uursloop Terwille","16/05/2026","6h","","Tynaarlo","Netherlands",,,,,,
6hrs-sittard-2026,"6hrs Sittard","10/05/2026","6h","","Sittard","Netherlands",,,,,,
12-uursloop-terwille-2026,"12-uursloop Terwille","16/05/2026","12h","","Tynaarlo","Netherlands",,,,,,
leenderbos-ultra-trail-2026,"Leenderbos Ultra Trail","19/04/2026","50km","","Leende","Netherlands",,,,,,
runforestrun-hart-van-drenthe-2026,"Runforestrun Hart van Drenthe","18/04/2026","50km","","Ellertshaar","Netherlands",,,,,,
de-120-van-texel-2026,"De 120 van Texel","29/03/2026","120km","","Den Burg (Texel)","Netherlands",,,,,,
amerongse-berg-ultra-50k-2026,"Amerongse Berg Ultra 50k","28/03/2026","50km","","Overberg","Netherlands",,,,,,
dutch-backyard-ultra-2026,"Dutch Backyard Ultra","20/03/2026","50h","","Leersum","Netherlands",,,,,,
salomon-vuurtorentrail-festival-ameland-60km-2026,"Salomon Vuurtorentrail Festival Ameland 60km","15/03/2026","60km","","Hollum Ameland","Netherlands",,,,,,
de-zestig-van-texel-2026,"De Zestig van Texel","29/03/2026","60km","","Den Hoorn (Texel)","Netherlands",,,,,,
sallandtrail-100-km-2026,"SallandTrail 100 km","07/03/2026","100km","","Nijverdal","Netherlands",,,,,,
gerrit-krolmarathon-2026,"Gerrit Krolmarathon","06/03/2026","46km","","Groningen","Netherlands",,,,,,
sallandtrail-80-km-50-mijl-2026,"SallandTrail 80 km (50 Mijl)","07/03/2026","80km","","Nijverdal","Netherlands",,,,,,
sallandtrail-60-km-2026,"SallandTrail 60 km","07/03/2026","60km","","Nijverdal","Netherlands",,,,,,
sallandtrail-50-km-2026,"SallandTrail 50 km","07/03/2026","50km","","Nijverdal","Netherlands",,,,,,
times-mmmm-2026,"times MMMM","22/02/2026","70km","","Roden","Netherlands",,,,,,
maasduinen-ultra-2026,"Maasduinen Ultra","28/02/2026","50km","","Arcen","Netherlands",,,,,,
pierewaai-winter-trail-50km-2026,"Pierewaai Winter Trail 50km","24/01/2026","50km","","IJmuiden","Netherlands",,,,,,
drielandenpunt-winter-trail-2026,"Drielandenpunt Winter Trail","31/01/2026","50km","","Vaals","Netherlands",,,,,,
leersumse-veld-ultra-2026,"Leersumse Veld Ultra","31/01/2026","50km","","Leersum","Netherlands",,,,,,
pierewaai-winter-trail-70km-nightrun-2026,"Pierewaai Winter Trail 70km (nightrun)","23/01/2026","70km","","Hoek van Holland","Netherlands",,,,,,
roegwoldrun-2026,"RoegwoldRun","04/01/2026","50km","","Overschild","Netherlands",,,,,,
pierewaai-winter-trail-100k-nightrun-2026,"Pierewaai Winter Trail 100k (nightrun)","23/01/2026","100km","","Hoek van Holland","Netherlands",,,,,,
moselsteig-lauf-1-etappe-2024,"Moselsteig-Lauf 1. Etappe","28/09/2024","54.9km","","Schengen","Luxembourg",,,,,,
the-great-escape-100-miles-2024,"The Great Escape 100 miles","14/09/2024","100mi","","Ettelbruck","Luxembourg",,,,,,
leopard-ultratrail-du-mullerthal-utml-long-trail-75km-2024,"Leopard Ultratrail du Mullerthal (UTML) - Long Trail 75km","14/09/2024","75km","","Waldbillig","Luxembourg",,,,,,
the-great-escape-50-miles-2024,"The Great Escape 50 miles","15/09/2024","50mi","","Clervaux","Luxembourg",,,,,,
trail-uewersauer-2024,"Trail Uewersauer","17/11/2024","57km","","Heiderscheid","Luxembourg",,,,,,
leopard-ultratrail-du-mullerthal-utml-ultratrail-111km-2024,"Leopard Ultratrail du Mullerthal (UTML) - Ultratrail 111km","14/09/2024","111km","","Waldbillig","Luxembourg",,,,,,
leopard-ultratrail-du-mullerthal-utml-ultratrail-111km-2025,"Leopard Ultratrail du Mullerthal (UTML) - Ultratrail 111km","13/09/2025","111km","","Waldbillig","Luxembourg",,,,,,
leopard-ultratrail-du-mullerthal-utml-long-trail-75km-2025,"Leopard Ultratrail du Mullerthal (UTML) - Long Trail 75km","13/09/2025","75km","","Waldbillig","Luxembourg",,,,,,
trail-uewersauer-2025,"Trail Uewersauer","16/11/2025","57km","","Heiderscheid","Luxembourg",,,,,,
transeuropalauf-2025-30-etappe-dalaas-pians-2025,"Transeuropalauf 2025 30. Etappe Dalaas - Pians","01/09/2025","48km","","Simmern","Luxembourg",,,,,,
transeuropalauf-2025-20-etappe-simmern-thionville-diedenhofen-2025,"Transeuropalauf 2025 20. Etappe Simmern - Thionville-Diedenhofen","22/08/2025","53km","","Simmern","Luxembourg",,,,,,
trailweekend-koning-van-spanje-trail-ultimate-3-dagen-101-km-2026,"trailweekend: Koning van Spanje Trail Ultimate 3 dagen 101 km","2026-05-08","101 km","","","Netherlands",,,,,,
trail-koning-van-spanje-trail-43-60-en-85-km-2026,"trail: Koning van Spanje Trail 43, 60 en 85 km","2026-05-09","85 km","","","Netherlands",,,,,,
trail-trail-de-chimay-50-km-2026,"trail: Trail de Chimay 50 km","2026-05-09","50 km","","","Netherlands",,,,,,
trail-trail-du-jambon-50-km-2026,"trail: Trail du Jambon 50 km","2026-05-09","50 km","","","Netherlands",,,,,,
maasduinen-ultra-2027,"Maasduinen Ultra","27/02/2027","50","","","Netherlands",,,,,,
uhut100-winter-2026,"UHUT100 Winter","28/11/2026","50-50-100","","","Netherlands",,,,,,
uhut100-winter-2026,"UHUT100 Winter","29/11/2026","50-50-100","","","Netherlands",,,,,,
uhut100-winter-2027,"UHUT100 Winter","27/11/2027","50-50-100","","","Netherlands",,,,,,
uhut100-winter-2027,"UHUT100 Winter","28/11/2027","50-50-100","","","Netherlands",,,,,,
leenderbos-ultra-2027,"Leenderbos Ultra","18/12/2027","50","","","Netherlands",,,,,,
leersumse-veld-ultra-2027,"Leersumse Veld Ultra","30/01/2027","50","","","Netherlands",,,,,,
veluwse-ultra-trail-vut100-2026,"Veluwse Ultra Trail (VUT100)","25/07/2026","50-75-100","","","Netherlands",,,,,,
utrechtse-heuvelrug-ultra-trail-uhut100-2026,"Utrechtse Heuvelrug Ultra Trail (UHUT100)","30/05/2026","50-50-75-100","","","Netherlands",,,,,,
utrechtse-heuvelrug-ultra-trail-uhut100-2026,"Utrechtse Heuvelrug Ultra Trail (UHUT100)","31/05/2026","50-50-75-100","","","Netherlands",,,,,,
utrechtse-heuvelrug-ultra-trail-uhut100-2027,"Utrechtse Heuvelrug Ultra Trail (UHUT100)","29/05/2027","50-50-75-100","","","Netherlands",,,,,,
utrechtse-heuvelrug-ultra-trail-uhut100-2027,"Utrechtse Heuvelrug Ultra Trail (UHUT100)","30/05/2027","50-50-75-100","","","Netherlands",,,,,,
brabantse-ultra-trail-but100-2026,"Brabantse Ultra Trail (BUT100)","27/06/2026","50-50-75-100","","","Netherlands",,,,,,
brabantse-ultra-trail-but100-2026,"Brabantse Ultra Trail (BUT100)","28/06/2026","50-50-75-100","","","Netherlands",,,,,,
brabantse-ultra-trail-but100-2027,"Brabantse Ultra Trail (BUT100)","26/06/2027","50-50-75-100","","","Netherlands",,,,,,
brabantse-ultra-trail-but100-2027,"Brabantse Ultra Trail (BUT100)","27/06/2027","50-50-75-100","","","Netherlands",,,,,,